<?xml version="1.0" encoding="utf-8" ?>
<!-- pylint:disable=file-not-used -->
<odoo noupdate="1">

    <!-- City Taxation Code -->

    <record id="city_taxation_code_itajuba" model="l10n_br_fiscal.city.taxation.code">
        <field name="name">6311900</field>
        <field name="code">6311900</field>
        <field name="service_type_id" ref="service_type_105" />
        <field name="state_id" ref="base.state_br_mg" />
        <field name="city_id" ref="l10n_br_base.city_3132404" />
    </record>

</odoo>
