<?xml version="1.0" encoding="utf-8" ?>
<!-- pylint:disable=file-not-used -->
<odoo noupdate="1">
    <!-- NFSe Test - Empresa Contribuinte - Mesmo Estado -->
    <record id="demo_nfse_same_state" model="l10n_br_fiscal.document">
        <field name="company_id" ref="base.main_company" />
        <field name="fiscal_operation_id" ref="l10n_br_fiscal.fo_venda" />
        <field name="document_type_id" ref="l10n_br_fiscal.document_SE" />
        <field name="document_serie_id" ref="l10n_br_fiscal.document_SE_serie_1" />
        <field name="document_serie">001</field>
        <field name="partner_id" ref="l10n_br_base.res_partner_cliente1_sp" />
        <field name="user_id" ref="base.user_demo" />
        <field name="partner_legal_name">Cliente 1 SP</field>
        <field name="partner_name">Cliente 1 SP Contribuinte</field>
        <field name="partner_cnpj_cpf">81.493.979/0001-89</field>
        <field name="partner_inscr_est">454.504.604.553</field>
        <field name="partner_tax_framework">3</field>
        <field name="fiscal_operation_type">out</field>
    </record>

    <record id="demo_nfse_line_same_state_1-1" model="l10n_br_fiscal.document.line">
        <field name="document_id" ref="demo_nfse_same_state" />
        <field name="name">Customized Odoo Development</field>
        <field name="product_id" ref="customized_development_sale" />
        <field name="uom_id" ref="uom.product_uom_unit" />
        <field name="quantity">1</field>
        <field name="fiscal_operation_type">out</field>
        <field name="fiscal_operation_id" ref="l10n_br_fiscal.fo_venda" />
        <field name="fiscal_operation_line_id" ref="l10n_br_fiscal.fo_venda_servico" />
    </record>

    <function model="l10n_br_fiscal.document.line" name="_onchange_product_id_fiscal">
        <value eval="[ref('l10n_br_fiscal.demo_nfse_line_same_state_1-1')]" />
    </function>
    <function model="l10n_br_fiscal.document.line" name="_onchange_commercial_quantity">
        <value eval="[ref('l10n_br_fiscal.demo_nfse_line_same_state_1-1')]" />
    </function>

</odoo>
