<?xml version="1.0" encoding="utf-8" ?>
<odoo noupdate="1">

        <record
        forcecreate="True"
        id="l10n_br_fiscal_ncm_scheduler_cron"
        model="ir.cron"
    >
            <field name="name">Update NCM Estimate Taxes</field>
            <field name="state">code</field>
            <field name="user_id" ref="base.user_root" />
            <field name="interval_number">1</field>
            <field name="interval_type">days</field>
            <field name="numbercall">-1</field>
            <field name="model_id" ref="model_l10n_br_fiscal_ncm" />
            <field name="code">model._scheduled_update()</field>
        </record>

        <record
        forcecreate="True"
        id="l10n_br_fiscal_nbs_scheduler_cron"
        model="ir.cron"
    >
            <field name="name">Update NBS Estimate Taxes</field>
            <field name="state">code</field>
            <field name="user_id" ref="base.user_root" />
            <field name="interval_number">1</field>
            <field name="interval_type">days</field>
            <field name="numbercall">-1</field>
            <field name="model_id" ref="model_l10n_br_fiscal_nbs" />
            <field name="code">model._scheduled_update()</field>
        </record>

</odoo>
