<?xml version="1.0" encoding="utf-8" ?>
<!-- pylint:disable=file-not-used -->
<odoo noupdate="1">

    <record id="cfop_5101" model="l10n_br_fiscal.cfop">
        <field name="cfop_inverse_id" ref="cfop_1102" />
        <field name="cfop_return_id" ref="cfop_1201" />
    </record>

    <record id="cfop_5102" model="l10n_br_fiscal.cfop">
        <field name="cfop_inverse_id" ref="cfop_1102" />
        <field name="cfop_return_id" ref="cfop_1202" />
    </record>

    <record id="cfop_5103" model="l10n_br_fiscal.cfop">
        <field name="cfop_return_id" ref="cfop_1201" />
    </record>

    <record id="cfop_5104" model="l10n_br_fiscal.cfop">
        <field name="cfop_return_id" ref="cfop_1202" />
    </record>

    <record id="cfop_5105" model="l10n_br_fiscal.cfop">
        <field name="cfop_return_id" ref="cfop_1201" />
    </record>

    <record id="cfop_5106" model="l10n_br_fiscal.cfop">
        <field name="cfop_return_id" ref="cfop_1202" />
    </record>

    <record id="cfop_5109" model="l10n_br_fiscal.cfop">
        <field name="cfop_return_id" ref="cfop_1203" />
    </record>

    <record id="cfop_5110" model="l10n_br_fiscal.cfop">
        <field name="cfop_return_id" ref="cfop_1204" />
    </record>

    <record id="cfop_5111" model="l10n_br_fiscal.cfop">
        <field name="cfop_return_id" ref="cfop_1918" />
    </record>

    <record id="cfop_5112" model="l10n_br_fiscal.cfop">
        <field name="cfop_return_id" ref="cfop_1918" />
    </record>

    <record id="cfop_5113" model="l10n_br_fiscal.cfop">
        <field name="cfop_return_id" ref="cfop_1918" />
    </record>

    <record id="cfop_5114" model="l10n_br_fiscal.cfop">
        <field name="cfop_return_id" ref="cfop_1918" />
    </record>

    <record id="cfop_5115" model="l10n_br_fiscal.cfop">
        <field name="cfop_return_id" ref="cfop_1918" />
    </record>

    <record id="cfop_5116" model="l10n_br_fiscal.cfop">
        <field name="cfop_return_id" ref="cfop_1201" />
    </record>

    <record id="cfop_5117" model="l10n_br_fiscal.cfop">
        <field name="cfop_return_id" ref="cfop_1202" />
    </record>

    <record id="cfop_5118" model="l10n_br_fiscal.cfop">
        <field name="cfop_return_id" ref="cfop_1201" />
    </record>

    <record id="cfop_5119" model="l10n_br_fiscal.cfop">
        <field name="cfop_return_id" ref="cfop_1202" />
    </record>

    <record id="cfop_5120" model="l10n_br_fiscal.cfop">
        <field name="cfop_return_id" ref="cfop_1202" />
    </record>

    <record id="cfop_5122" model="l10n_br_fiscal.cfop">
        <field name="cfop_return_id" ref="cfop_1201" />
    </record>

    <record id="cfop_5123" model="l10n_br_fiscal.cfop">
        <field name="cfop_return_id" ref="cfop_1202" />
    </record>

    <record id="cfop_5403" model="l10n_br_fiscal.cfop">
        <field name="cfop_inverse_id" ref="cfop_1403" />
    </record>

    <record id="cfop_5405" model="l10n_br_fiscal.cfop">
        <field name="cfop_inverse_id" ref="cfop_1403" />
    </record>

    <record id="cfop_5551" model="l10n_br_fiscal.cfop">
        <field name="cfop_return_id" ref="cfop_1553" />
    </record>

    <record id="cfop_5651" model="l10n_br_fiscal.cfop">
        <field name="cfop_return_id" ref="cfop_1660" />
    </record>

    <record id="cfop_5652" model="l10n_br_fiscal.cfop">
        <field name="cfop_return_id" ref="cfop_1661" />
    </record>

    <record id="cfop_5653" model="l10n_br_fiscal.cfop">
        <field name="cfop_return_id" ref="cfop_1662" />
    </record>

    <record id="cfop_5654" model="l10n_br_fiscal.cfop">
        <field name="cfop_return_id" ref="cfop_1660" />
    </record>

    <record id="cfop_5655" model="l10n_br_fiscal.cfop">
        <field name="cfop_return_id" ref="cfop_1661" />
    </record>

    <record id="cfop_5656" model="l10n_br_fiscal.cfop">
        <field name="cfop_return_id" ref="cfop_1662" />
    </record>

    <record id="cfop_6101" model="l10n_br_fiscal.cfop">
        <field name="cfop_inverse_id" ref="cfop_2102" />
        <field name="cfop_return_id" ref="cfop_2201" />
    </record>

    <record id="cfop_6102" model="l10n_br_fiscal.cfop">
        <field name="cfop_inverse_id" ref="cfop_2102" />
        <field name="cfop_return_id" ref="cfop_2202" />
    </record>

    <record id="cfop_6103" model="l10n_br_fiscal.cfop">
        <field name="cfop_return_id" ref="cfop_2201" />
    </record>

    <record id="cfop_6104" model="l10n_br_fiscal.cfop">
        <field name="cfop_return_id" ref="cfop_2202" />
    </record>

    <record id="cfop_6105" model="l10n_br_fiscal.cfop">
        <field name="cfop_return_id" ref="cfop_2201" />
    </record>

    <record id="cfop_6106" model="l10n_br_fiscal.cfop">
        <field name="cfop_return_id" ref="cfop_2202" />
    </record>

    <record id="cfop_6107" model="l10n_br_fiscal.cfop">
        <field name="cfop_return_id" ref="cfop_2201" />
    </record>

    <record id="cfop_6108" model="l10n_br_fiscal.cfop">
        <field name="cfop_return_id" ref="cfop_2202" />
    </record>

    <record id="cfop_6109" model="l10n_br_fiscal.cfop">
        <field name="cfop_return_id" ref="cfop_2203" />
    </record>

    <record id="cfop_6110" model="l10n_br_fiscal.cfop">
        <field name="cfop_return_id" ref="cfop_2204" />
    </record>

    <record id="cfop_6111" model="l10n_br_fiscal.cfop">
        <field name="cfop_return_id" ref="cfop_2918" />
    </record>

    <record id="cfop_6112" model="l10n_br_fiscal.cfop">
        <field name="cfop_return_id" ref="cfop_2918" />
    </record>

    <record id="cfop_6113" model="l10n_br_fiscal.cfop">
        <field name="cfop_return_id" ref="cfop_2918" />
    </record>

    <record id="cfop_6114" model="l10n_br_fiscal.cfop">
        <field name="cfop_return_id" ref="cfop_2918" />
    </record>

    <record id="cfop_6115" model="l10n_br_fiscal.cfop">
        <field name="cfop_return_id" ref="cfop_2918" />
    </record>

    <record id="cfop_6116" model="l10n_br_fiscal.cfop">
        <field name="cfop_return_id" ref="cfop_2201" />
    </record>

    <record id="cfop_6117" model="l10n_br_fiscal.cfop">
        <field name="cfop_return_id" ref="cfop_2202" />
    </record>

    <record id="cfop_6118" model="l10n_br_fiscal.cfop">
        <field name="cfop_return_id" ref="cfop_2201" />
    </record>

    <record id="cfop_6119" model="l10n_br_fiscal.cfop">
        <field name="cfop_return_id" ref="cfop_2202" />
    </record>

    <record id="cfop_6120" model="l10n_br_fiscal.cfop">
        <field name="cfop_return_id" ref="cfop_2202" />
    </record>

    <record id="cfop_6122" model="l10n_br_fiscal.cfop">
        <field name="cfop_return_id" ref="cfop_2201" />
    </record>

    <record id="cfop_6123" model="l10n_br_fiscal.cfop">
        <field name="cfop_return_id" ref="cfop_2202" />
    </record>

    <record id="cfop_6403" model="l10n_br_fiscal.cfop">
        <field name="cfop_inverse_id" ref="cfop_2403" />
    </record>

    <record id="cfop_6551" model="l10n_br_fiscal.cfop">
        <field name="cfop_return_id" ref="cfop_2553" />
    </record>

    <record id="cfop_6651" model="l10n_br_fiscal.cfop">
        <field name="cfop_return_id" ref="cfop_2660" />
    </record>

    <record id="cfop_6652" model="l10n_br_fiscal.cfop">
        <field name="cfop_return_id" ref="cfop_2661" />
    </record>

    <record id="cfop_6653" model="l10n_br_fiscal.cfop">
        <field name="cfop_return_id" ref="cfop_2662" />
    </record>

    <record id="cfop_6654" model="l10n_br_fiscal.cfop">
        <field name="cfop_return_id" ref="cfop_2660" />
    </record>

    <record id="cfop_6655" model="l10n_br_fiscal.cfop">
        <field name="cfop_return_id" ref="cfop_2661" />
    </record>

    <record id="cfop_6656" model="l10n_br_fiscal.cfop">
        <field name="cfop_return_id" ref="cfop_2662" />
    </record>

    <record id="cfop_7101" model="l10n_br_fiscal.cfop">
        <field name="cfop_inverse_id" ref="cfop_3102" />
        <field name="cfop_return_id" ref="cfop_3201" />
    </record>

    <record id="cfop_7102" model="l10n_br_fiscal.cfop">
        <field name="cfop_inverse_id" ref="cfop_3102" />
        <field name="cfop_return_id" ref="cfop_3202" />
    </record>

    <record id="cfop_7105" model="l10n_br_fiscal.cfop">
        <field name="cfop_return_id" ref="cfop_3201" />
    </record>

    <record id="cfop_7106" model="l10n_br_fiscal.cfop">
        <field name="cfop_return_id" ref="cfop_3202" />
    </record>

    <record id="cfop_7127" model="l10n_br_fiscal.cfop">
        <field name="cfop_return_id" ref="cfop_3211" />
    </record>

    <record id="cfop_7551" model="l10n_br_fiscal.cfop">
        <field name="cfop_return_id" ref="cfop_3553" />
    </record>

</odoo>
