"id","name","model_id:id","group_id:id","perm_read","perm_write","perm_create","perm_unlink"
"l10n_br_fiscal_cnae_user","CNAE for User","model_l10n_br_fiscal_cnae","l10n_br_fiscal.group_user",1,0,0,0
"l10n_br_fiscal_cnae_manager","CNAE for Manager","model_l10n_br_fiscal_cnae","l10n_br_fiscal.group_manager",1,0,0,0
"l10n_br_fiscal_cnae_maintenance","CNAE for Data Maintenance","model_l10n_br_fiscal_cnae","l10n_br_fiscal.group_data_maintenance",1,1,1,1
"l10n_br_fiscal_cfop_user","Fiscal CFOP for User","model_l10n_br_fiscal_cfop","l10n_br_fiscal.group_user",1,0,0,0
"l10n_br_fiscal_cfop_manager","Fiscal CFOP for Manager","model_l10n_br_fiscal_cfop","l10n_br_fiscal.group_manager",1,0,0,0
"l10n_br_fiscal_cfop_maintenance","Fiscal CFOP for Maintenance","model_l10n_br_fiscal_cfop","l10n_br_fiscal.group_data_maintenance",1,1,1,1
"l10n_br_fiscal_cst_user","Fiscal CST for User","model_l10n_br_fiscal_cst","l10n_br_fiscal.group_user",1,0,0,0
"l10n_br_fiscal_cst_manager","Fiscal CST for Manager","model_l10n_br_fiscal_cst","l10n_br_fiscal.group_manager",1,0,0,0
"l10n_br_fiscal_cst_maintenance","Fiscal CST for Maintenance","model_l10n_br_fiscal_cst","l10n_br_fiscal.group_data_maintenance",1,1,1,1
"l10n_br_fiscal_tax_group_user","Fiscal Tax Group for User","model_l10n_br_fiscal_tax_group","l10n_br_fiscal.group_user",1,0,0,0
"l10n_br_fiscal_tax_group_manager","Fiscal Tax Group for Manager","model_l10n_br_fiscal_tax_group","l10n_br_fiscal.group_manager",1,1,1,1
"l10n_br_fiscal_icms_regulation_user","Fiscal Tax ICMS Regulation for User","model_l10n_br_fiscal_icms_regulation","l10n_br_fiscal.group_user",1,0,0,0
"l10n_br_fiscal_icms_regulation_manager","Fiscal Tax ICMS Regulation for Manager","model_l10n_br_fiscal_icms_regulation","l10n_br_fiscal.group_manager",1,1,1,1
"l10n_br_fiscal_icms_relief_user","Fiscal Tax ICMS Relief for User","model_l10n_br_fiscal_icms_relief","l10n_br_fiscal.group_user",1,0,0,0
"l10n_br_fiscal_icms_relief_manager","Fiscal Tax ICMS Relief for Manager","model_l10n_br_fiscal_icms_relief","l10n_br_fiscal.group_manager",1,1,1,1
"l10n_br_fiscal_tax_user","Fiscal Tax for User","model_l10n_br_fiscal_tax","l10n_br_fiscal.group_user",1,0,0,0
"l10n_br_fiscal_tax_manager","Fiscal Tax for Manager","model_l10n_br_fiscal_tax","l10n_br_fiscal.group_manager",1,1,1,1
"l10n_br_fiscal_tax_estimate_user","Fiscal Tax Estimate for User","model_l10n_br_fiscal_tax_estimate","l10n_br_fiscal.group_user",1,0,0,0
"l10n_br_fiscal_tax_estimate_manager","Fiscal Tax Estimate for Manager","model_l10n_br_fiscal_tax_estimate","l10n_br_fiscal.group_manager",1,1,1,1
"l10n_br_fiscal_ncm_user","Fiscal NCM for User","model_l10n_br_fiscal_ncm","l10n_br_fiscal.group_user",1,1,0,0
"l10n_br_fiscal_ncm_manager","Fiscal NCM for Manager","model_l10n_br_fiscal_ncm","l10n_br_fiscal.group_manager",1,1,0,0
"l10n_br_fiscal_ncm_manager_maintenance","Fiscal NCM for Maintenance","model_l10n_br_fiscal_ncm","l10n_br_fiscal.group_data_maintenance",1,1,1,1
"l10n_br_fiscal_nbm_user","Fiscal NBM for User","model_l10n_br_fiscal_nbm","l10n_br_fiscal.group_user",1,1,0,0
"l10n_br_fiscal_nbm_manager","Fiscal NBM for Manager","model_l10n_br_fiscal_nbm","l10n_br_fiscal.group_manager",1,1,0,0
"l10n_br_fiscal_nbm_manager_maintenance","Fiscal NBM for Maintenance","model_l10n_br_fiscal_nbm","l10n_br_fiscal.group_data_maintenance",1,1,1,1
"l10n_br_fiscal_nbs_user","Fiscal NBS for User","model_l10n_br_fiscal_nbs","l10n_br_fiscal.group_user",1,1,0,0
"l10n_br_fiscal_nbs_manager","Fiscal NBS for Manager","model_l10n_br_fiscal_nbs","l10n_br_fiscal.group_manager",1,1,0,0
"l10n_br_fiscal_nbs_manager_maintenance","Fiscal NBS for Maintenance","model_l10n_br_fiscal_nbs","l10n_br_fiscal.group_data_maintenance",1,1,1,1
"l10n_br_fiscal_service_type_user","Fiscal Service Type for User","model_l10n_br_fiscal_service_type","l10n_br_fiscal.group_user",1,0,0,0
"l10n_br_fiscal_service_type_manager","Fiscal Service Type for Manager","model_l10n_br_fiscal_service_type","l10n_br_fiscal.group_manager",1,1,1,1
"l10n_br_fiscal_service_type_maintenance","Fiscal Service Type for Maintenance","model_l10n_br_fiscal_service_type","l10n_br_fiscal.group_data_maintenance",1,1,1,1
"l10n_br_fiscal_cest_user","Fiscal CEST for User","model_l10n_br_fiscal_cest","l10n_br_fiscal.group_user",1,0,0,0
"l10n_br_fiscal_cest_manager","Fiscal CEST for Manager","model_l10n_br_fiscal_cest","l10n_br_fiscal.group_manager",1,0,0,0
"l10n_br_fiscal_cest_maintenance","Fiscal CEST for Maintenance","model_l10n_br_fiscal_cest","l10n_br_fiscal.group_data_maintenance",1,1,1,1
"l10n_br_fiscal_product_genre_user","Fiscal Fiscal Product Genre for User","model_l10n_br_fiscal_product_genre","l10n_br_fiscal.group_user",1,0,0,0
"l10n_br_fiscal_product_genre_manager","Fiscal Fiscal Product Genre for Manager","model_l10n_br_fiscal_product_genre","l10n_br_fiscal.group_manager",1,0,0,0
"l10n_br_fiscal_product_genre_maintenance","Fiscal Fiscal Product Genre for Maintenance","model_l10n_br_fiscal_product_genre","l10n_br_fiscal.group_data_maintenance",1,1,1,1
"l10n_br_fiscal_document_type_user","Fiscal Document Type for User","model_l10n_br_fiscal_document_type","l10n_br_fiscal.group_user",1,0,0,0
"l10n_br_fiscal_document_type_manager","Fiscal Document Type for Manager","model_l10n_br_fiscal_document_type","l10n_br_fiscal.group_manager",1,0,0,0
"l10n_br_fiscal_document_type_maintenance","Fiscal Document Type for Maintenance","model_l10n_br_fiscal_document_type","l10n_br_fiscal.group_data_maintenance",1,1,1,1
"l10n_br_fiscal_document_email_user","Fiscal Document Email for User","model_l10n_br_fiscal_document_email","l10n_br_fiscal.group_user",1,0,0,0
"l10n_br_fiscal_document_email_manager","Fiscal Document Email for Manager","model_l10n_br_fiscal_document_email","l10n_br_fiscal.group_manager",1,1,1,1
"l10n_br_fiscal_document_serie_user","Fiscal Document Serie for User","model_l10n_br_fiscal_document_serie","l10n_br_fiscal.group_user",1,0,0,0
"l10n_br_fiscal_document_serie_manager","Fiscal Document Serie for Manager","model_l10n_br_fiscal_document_serie","l10n_br_fiscal.group_manager",1,1,1,1
"l10n_br_fiscal_certificate_user","Fiscal Certificate for User","model_l10n_br_fiscal_certificate","l10n_br_fiscal.group_user",1,0,0,0
"l10n_br_fiscal_certificate_manager","Fiscal Certificate for Manager","model_l10n_br_fiscal_certificate","l10n_br_fiscal.group_manager",1,1,1,1
"l10n_br_fiscal_simplified_tax_user","Fiscal Simplified Tax for User","model_l10n_br_fiscal_simplified_tax","l10n_br_fiscal.group_user",1,0,0,0
"l10n_br_fiscal_simplified_tax_manager","Fiscal Simplified Tax for Manager","model_l10n_br_fiscal_simplified_tax","l10n_br_fiscal.group_manager",1,0,0,0
"l10n_br_fiscal_simplified_tax_maintenance","Fiscal Simplified Tax for Maintenance","model_l10n_br_fiscal_simplified_tax","l10n_br_fiscal.group_data_maintenance",1,1,1,1
"l10n_br_fiscal_simplified_tax_range_user","Fiscal Simplified Range Tax for User","model_l10n_br_fiscal_simplified_tax_range","l10n_br_fiscal.group_user",1,0,0,0
"l10n_br_fiscal_simplified_tax_range_manager","Fiscal Simplified Range Tax for Manager","model_l10n_br_fiscal_simplified_tax_range","l10n_br_fiscal.group_manager",1,0,0,0
"l10n_br_fiscal_simplified_tax_range_maintenance","Fiscal Simplified Range Tax for Maintenance","model_l10n_br_fiscal_simplified_tax_range","l10n_br_fiscal.group_data_maintenance",1,1,1,1
"l10n_br_fiscal_tax_ipi_control_seal_user","Fiscal Tax IPI Control Seal for User","model_l10n_br_fiscal_tax_ipi_control_seal","l10n_br_fiscal.group_user",1,0,0,0
"l10n_br_fiscal_tax_ipi_control_seal_manager","Fiscal Tax IPI Control Seal for Manager","model_l10n_br_fiscal_tax_ipi_control_seal","l10n_br_fiscal.group_manager",1,0,0,0
"l10n_br_fiscal_tax_ipi_control_seal_maintenance","Fiscal Tax IPI Control Seal for Maintenance","model_l10n_br_fiscal_tax_ipi_control_seal","l10n_br_fiscal.group_data_maintenance",1,1,1,1
"l10n_br_fiscal_tax_ipi_guideline_user","Fiscal Tax IPI Guideline for User","model_l10n_br_fiscal_tax_ipi_guideline","l10n_br_fiscal.group_user",1,0,0,0
"l10n_br_fiscal_tax_ipi_guideline_manager","Fiscal Tax IPI Guideline for Manager","model_l10n_br_fiscal_tax_ipi_guideline","l10n_br_fiscal.group_manager",1,0,0,0
"l10n_br_fiscal_tax_ipi_guideline_maintenance","Fiscal Tax IPI Guideline for Maintenance","model_l10n_br_fiscal_tax_ipi_guideline","l10n_br_fiscal.group_data_maintenance",1,1,1,1
"l10n_br_fiscal_tax_ipi_guideline_class_user","IPI Guideline Class for User","model_l10n_br_fiscal_tax_ipi_guideline_class","l10n_br_fiscal.group_user",1,0,0,0
"l10n_br_fiscal_tax_ipi_guideline_class_manager","IPI Guideline Class for Manager","model_l10n_br_fiscal_tax_ipi_guideline_class","l10n_br_fiscal.group_manager",1,0,0,0
"l10n_br_fiscal_tax_ipi_guideline_class_maintenance","IPI Guideline Class for Maintenance","model_l10n_br_fiscal_tax_ipi_guideline_class","l10n_br_fiscal.group_data_maintenance",1,1,1,1
"l10n_br_fiscal_operation_user","Fiscal Operation for User","model_l10n_br_fiscal_operation","l10n_br_fiscal.group_user",1,0,0,0
"l10n_br_fiscal_operation_manager","Fiscal Operation for Manager","model_l10n_br_fiscal_operation","l10n_br_fiscal.group_manager",1,1,1,1
"l10n_br_fiscal_subsequent_operation","Fiscal Subsequent Operation for Manager","model_l10n_br_fiscal_subsequent_operation","l10n_br_fiscal.group_manager",1,1,1,1
"l10n_br_fiscal_subsequent_document","Fiscal Subsequent Document for Manager","model_l10n_br_fiscal_subsequent_document","l10n_br_fiscal.group_manager",1,1,1,1
"l10n_br_fiscal_operation_line_user","Fiscal Operation Line for User","model_l10n_br_fiscal_operation_line","l10n_br_fiscal.group_user",1,0,0,0
"l10n_br_fiscal_operation_line_manager","Fiscal Operation Line for Manager","model_l10n_br_fiscal_operation_line","l10n_br_fiscal.group_manager",1,1,1,1
"l10n_br_fiscal_operation_document_type_user","Fiscal Operation Document Type for User","model_l10n_br_fiscal_operation_document_type","l10n_br_fiscal.group_user",1,0,0,0
"l10n_br_fiscal_operation_document_type_manager","Fiscal Operation Document Type for Manager","model_l10n_br_fiscal_operation_document_type","l10n_br_fiscal.group_manager",1,1,1,1
"l10n_br_fiscal_partner_profile_user","Fiscal Partner Profile for User","model_l10n_br_fiscal_partner_profile","l10n_br_fiscal.group_user",1,0,0,0
"l10n_br_fiscal_partner_profile_manager","Fiscal Partner Profile for Manager","model_l10n_br_fiscal_partner_profile","l10n_br_fiscal.group_manager",1,1,1,1
"l10n_br_fiscal_document_user","Fiscal Document for User","model_l10n_br_fiscal_document","l10n_br_fiscal.group_user",1,0,0,0
"l10n_br_fiscal_document_manager","Fiscal Document for Manager","model_l10n_br_fiscal_document","l10n_br_fiscal.group_manager",1,1,1,1
"l10n_br_fiscal_document_related_user","Fiscal Document Related for User","model_l10n_br_fiscal_document_related","l10n_br_fiscal.group_user",1,0,0,0
"l10n_br_fiscal_document_related_manager","Fiscal Document Related for Manager","model_l10n_br_fiscal_document_related","l10n_br_fiscal.group_manager",1,1,1,1
"l10n_br_fiscal_document_line_user","Fiscal Document Line for User","model_l10n_br_fiscal_document_line","l10n_br_fiscal.group_user",1,0,0,0
"l10n_br_fiscal_document_line_manager","Fiscal Document Line for Manager","model_l10n_br_fiscal_document_line","l10n_br_fiscal.group_manager",1,1,1,1
"l10n_br_fiscal_comment_user","Comment for User","model_l10n_br_fiscal_comment","l10n_br_fiscal.group_user",1,0,0,0
"l10n_br_fiscal_comment_manager","Comment for Manager","model_l10n_br_fiscal_comment","l10n_br_fiscal.group_manager",1,1,1,1
"l10n_br_fiscal_tax_definition_user","Tax Definition for User","model_l10n_br_fiscal_tax_definition","l10n_br_fiscal.group_user",1,0,0,0
"l10n_br_fiscal_tax_definition_manager","Tax Definition for Manager","model_l10n_br_fiscal_tax_definition","l10n_br_fiscal.group_manager",1,1,1,1
"l10n_br_fiscal_tax_pis_cofins_user","Tax PIS COFINS for User","model_l10n_br_fiscal_tax_pis_cofins","l10n_br_fiscal.group_user",1,0,0,0
"l10n_br_fiscal_tax_pis_cofins_manager","Tax PIS COFINS for Manager","model_l10n_br_fiscal_tax_pis_cofins","l10n_br_fiscal.group_manager",1,0,0,0
"l10n_br_fiscal_tax_pis_cofins_maintenance","Tax PIS COFINS for Maintenance","model_l10n_br_fiscal_tax_pis_cofins","l10n_br_fiscal.group_data_maintenance",1,1,1,1
"l10n_br_fiscal_tax_pis_cofins_base_user","Tax PIS COFINS Base for User","model_l10n_br_fiscal_tax_pis_cofins_base","l10n_br_fiscal.group_user",1,0,0,0
"l10n_br_fiscal_tax_pis_cofins_base_manager","Tax PIS COFINS Base for Manager","model_l10n_br_fiscal_tax_pis_cofins_base","l10n_br_fiscal.group_manager",1,0,0,0
"l10n_br_fiscal_tax_pis_cofins_base_maintenance","Tax PIS COFINS Base for Maintenance","model_l10n_br_fiscal_tax_pis_cofins_base","l10n_br_fiscal.group_data_maintenance",1,1,1,1
"l10n_br_fiscal_tax_pis_cofins_credit_user","Tax PIS COFINS Credit for User","model_l10n_br_fiscal_tax_pis_cofins_credit","l10n_br_fiscal.group_user",1,0,0,0
"l10n_br_fiscal_tax_pis_cofins_credit_manager","Tax PIS COFINS Credit for Manager","model_l10n_br_fiscal_tax_pis_cofins_credit","l10n_br_fiscal.group_manager",1,0,0,0
"l10n_br_fiscal_tax_pis_cofins_credit_maintenance","Tax PIS COFINS Credit for Maintenance","model_l10n_br_fiscal_tax_pis_cofins_credit","l10n_br_fiscal.group_data_maintenance",1,1,1,1
"uom_alternative_user","UOM alternative for User","model_uom_uom_alternative","l10n_br_fiscal.group_user",1,0,0,0
"uom_alternative_manager","UOM alternative for Manager","model_uom_uom_alternative","l10n_br_fiscal.group_manager",1,0,0,0
"uom_alternative_maintenance","UOM alternative for Maintenance","model_uom_uom_alternative","l10n_br_fiscal.group_data_maintenance",1,1,1,1
"l10n_br_fiscal_event_user","Fiscal Document Event for User","model_l10n_br_fiscal_event","l10n_br_fiscal.group_user",1,1,1,0
"l10n_br_fiscal_invalidate_number_user","user_l10n_br_fiscal_invalidate_number","model_l10n_br_fiscal_invalidate_number","l10n_br_fiscal.group_user",1,0,0,0
"l10n_br_fiscal_invalidate_number_manager","manager_l10n_br_fiscal_invalidate_number","model_l10n_br_fiscal_invalidate_number","l10n_br_fiscal.group_manager",1,1,1,1
"l10n_br_fiscal_closing_user","Fiscal Document Event for User","model_l10n_br_fiscal_closing","l10n_br_fiscal.group_user",1,1,1,0
"l10n_br_fiscal_closing_manager","Fiscal Document Event for User","model_l10n_br_fiscal_closing","l10n_br_fiscal.group_manager",1,1,1,1
"l10n_br_fiscal_city_taxation_code_user","Fiscal City Taxation Code for User","model_l10n_br_fiscal_city_taxation_code","l10n_br_fiscal.group_user",1,1,1,0
"l10n_br_fiscal_city_taxation_code_manager","Fiscal City Taxation Code for Manager","model_l10n_br_fiscal_city_taxation_code","l10n_br_fiscal.group_user",1,1,1,1
"l10n_br_fiscal_dfe_user","Consut DFe for User","model_l10n_br_fiscal_dfe","l10n_br_fiscal.group_user",1,1,1,0
"l10n_br_fiscal_dfe_manager","Consut DFe for Manager","model_l10n_br_fiscal_dfe","l10n_br_fiscal.group_manager",1,1,1,1
"l10n_br_fiscal_dfe_xml_user","Consut DFe XML for User","model_l10n_br_fiscal_dfe_xml","l10n_br_fiscal.group_user",1,1,1,0
"l10n_br_fiscal_dfe_xml_manager","Consut DFe XML for Manager","model_l10n_br_fiscal_dfe_xml","l10n_br_fiscal.group_manager",1,1,1,1
"l10n_br_fiscal_mdfe_user","MDFe for User","model_l10n_br_fiscal_mdfe","l10n_br_fiscal.group_user",1,1,1,0
"l10n_br_fiscal_mdfe_manager","MDFe for Manager","model_l10n_br_fiscal_mdfe","l10n_br_fiscal.group_manager",1,1,1,1
"l10n_br_fiscal_base_wizard_mixin_user",l10n_br_fiscal_base_wizard_mixin,model_l10n_br_fiscal_base_wizard_mixin,base.group_user,1,1,1,1
"l10n_br_fiscal_document_cancel_wizard_user",l10n_br_fiscal_document_cancel_wizard,model_l10n_br_fiscal_document_cancel_wizard,base.group_user,1,1,1,1
"l10n_br_fiscal_document_correction_wizard_user",l10n_br_fiscal_document_correction_wizard,model_l10n_br_fiscal_document_correction_wizard,base.group_user,1,1,1,1
"l10n_br_fiscal_document_status_wizard_user",l10n_br_fiscal_document_status_wizard,model_l10n_br_fiscal_document_status_wizard,base.group_user,1,1,1,1
"l10n_br_fiscal_invalidate_number_wizard_user",l10n_br_fiscal_invalidate_number_wizard,model_l10n_br_fiscal_invalidate_number_wizard,base.group_user,1,1,1,1
