<?xml version="1.0" encoding="utf-8" ?>
<odoo noupdate="1">

    <record id="tax_tag_ipi" model="account.account.tag">
        <field name="name">IPI</field>
        <field name="applicability">taxes</field>
        <field name="country_id" ref="base.br" />
    </record>

    <record id="tax_tag_ii" model="account.account.tag">
        <field name="name">II</field>
        <field name="applicability">taxes</field>
        <field name="country_id" ref="base.br" />
    </record>

    <record id="tax_tag_icms" model="account.account.tag">
        <field name="name">ICMS</field>
        <field name="applicability">taxes</field>
        <field name="country_id" ref="base.br" />
    </record>

    <record id="tax_tag_icmssn" model="account.account.tag">
        <field name="name">ICMS SN</field>
        <field name="applicability">taxes</field>
        <field name="country_id" ref="base.br" />
    </record>

    <record id="tax_tag_icmsst" model="account.account.tag">
        <field name="name">ICMS ST</field>
        <field name="applicability">taxes</field>
        <field name="country_id" ref="base.br" />
    </record>

    <record id="tax_tag_icmsfcp" model="account.account.tag">
        <field name="name">ICMS FCP</field>
        <field name="applicability">taxes</field>
        <field name="country_id" ref="base.br" />
    </record>

    <record id="tax_tag_pis" model="account.account.tag">
        <field name="name">PIS</field>
        <field name="applicability">taxes</field>
        <field name="country_id" ref="base.br" />
    </record>

    <record id="tax_tag_pisst" model="account.account.tag">
        <field name="name">PIS ST</field>
        <field name="applicability">taxes</field>
        <field name="country_id" ref="base.br" />
    </record>

    <record id="tax_tag_pis_wh" model="account.account.tag">
        <field name="name">PIS WH</field>
        <field name="applicability">taxes</field>
        <field name="country_id" ref="base.br" />
    </record>

    <record id="tax_tag_cofins" model="account.account.tag">
        <field name="name">COFINS</field>
        <field name="applicability">taxes</field>
        <field name="country_id" ref="base.br" />
    </record>

    <record id="tax_tag_cofinsst" model="account.account.tag">
        <field name="name">COFINS ST</field>
        <field name="applicability">taxes</field>
        <field name="country_id" ref="base.br" />
    </record>

    <record id="tax_tag_cofins_wh" model="account.account.tag">
        <field name="name">COFINS WH</field>
        <field name="applicability">taxes</field>
        <field name="country_id" ref="base.br" />
    </record>

    <record id="tax_tag_issqn" model="account.account.tag">
        <field name="name">ISSQN</field>
        <field name="applicability">taxes</field>
        <field name="country_id" ref="base.br" />
    </record>

    <record id="tax_tag_issqn_wh" model="account.account.tag">
        <field name="name">ISSQN WH</field>
        <field name="applicability">taxes</field>
        <field name="country_id" ref="base.br" />
    </record>

    <record id="tax_tag_csll" model="account.account.tag">
        <field name="name">CSLL</field>
        <field name="applicability">taxes</field>
        <field name="country_id" ref="base.br" />
    </record>

    <record id="tax_tag_csll_wh" model="account.account.tag">
        <field name="name">CSLL WH</field>
        <field name="applicability">taxes</field>
        <field name="country_id" ref="base.br" />
    </record>

    <record id="tax_tag_ir" model="account.account.tag">
        <field name="name">IR</field>
        <field name="applicability">taxes</field>
        <field name="country_id" ref="base.br" />
    </record>

    <record id="tax_tag_irpj" model="account.account.tag">
        <field name="name">IRPJ</field>
        <field name="applicability">taxes</field>
        <field name="country_id" ref="base.br" />
    </record>

    <record id="tax_tag_irpj_wh" model="account.account.tag">
        <field name="name">IRPJ WH</field>
        <field name="applicability">taxes</field>
        <field name="country_id" ref="base.br" />
    </record>

    <record id="tax_tag_inss" model="account.account.tag">
        <field name="name">INSS</field>
        <field name="applicability">taxes</field>
        <field name="country_id" ref="base.br" />
    </record>

    <record id="tax_tag_inss_wh" model="account.account.tag">
        <field name="name">INSS WH</field>
        <field name="applicability">taxes</field>
        <field name="country_id" ref="base.br" />
    </record>

    <record id="tax_tag_simples" model="account.account.tag">
        <field name="name">Simples Nacional</field>
        <field name="applicability">taxes</field>
        <field name="country_id" ref="base.br" />
    </record>

    <record id="tax_tag_others" model="account.account.tag">
        <field name="name">Others</field>
        <field name="applicability">taxes</field>
        <field name="country_id" ref="base.br" />
    </record>

</odoo>
