<?xml version="1.0" encoding="utf-8" ?>
<odoo noupdate="1">

    <!-- Banco SICRED - CNAB 240 - https://www.sicredi.com.br/media/manual_cnab_240_040221.pdf -->

    <!-- Codigos de Instrução do Movimento -->
    <record id="sicredi_240_instruction_01" model="l10n_br_cnab.mov.instruction.code">
        <field name="name">Entrada de títulos</field>
        <field name="code">01</field>
        <field
            name="payment_method_ids"
            eval="[(6,0,[ref('payment_mode_type_cnab240')])]"
        />
        <field name="bank_ids" eval="[(6,0,[ref('l10n_br_base.res_bank_748')])]" />
    </record>

    <record id="sicredi_240_instruction_02" model="l10n_br_cnab.mov.instruction.code">
        <field name="name">Pedido de baixa</field>
        <field name="code">02</field>
        <field
            name="payment_method_ids"
            eval="[(6,0,[ref('payment_mode_type_cnab240')])]"
        />
        <field name="bank_ids" eval="[(6,0,[ref('l10n_br_base.res_bank_748')])]" />
    </record>

    <record id="sicredi_240_instruction_04" model="l10n_br_cnab.mov.instruction.code">
        <field name="name">Concessão de abatimento</field>
        <field name="code">04</field>
        <field
            name="payment_method_ids"
            eval="[(6,0,[ref('payment_mode_type_cnab240')])]"
        />
        <field name="bank_ids" eval="[(6,0,[ref('l10n_br_base.res_bank_748')])]" />
    </record>

    <record id="sicredi_240_instruction_05" model="l10n_br_cnab.mov.instruction.code">
        <field name="name">Cancelamento de abatimento</field>
        <field name="code">05</field>
        <field
            name="payment_method_ids"
            eval="[(6,0,[ref('payment_mode_type_cnab240')])]"
        />
        <field name="bank_ids" eval="[(6,0,[ref('l10n_br_base.res_bank_748')])]" />
    </record>

    <record id="sicredi_240_instruction_06" model="l10n_br_cnab.mov.instruction.code">
        <field name="name">Alteração de vencimento</field>
        <field name="code">06</field>
        <field
            name="payment_method_ids"
            eval="[(6,0,[ref('payment_mode_type_cnab240')])]"
        />
        <field name="bank_ids" eval="[(6,0,[ref('l10n_br_base.res_bank_748')])]" />
    </record>

    <record id="sicredi_240_instruction_07" model="l10n_br_cnab.mov.instruction.code">
        <field name="name">Concessão de desconto</field>
        <field name="code">07</field>
        <field
            name="payment_method_ids"
            eval="[(6,0,[ref('payment_mode_type_cnab240')])]"
        />
        <field name="bank_ids" eval="[(6,0,[ref('l10n_br_base.res_bank_748')])]" />
    </record>

    <record id="sicredi_240_instruction_08" model="l10n_br_cnab.mov.instruction.code">
        <field name="name">Cancelamento de desconto</field>
        <field name="code">08</field>
        <field
            name="payment_method_ids"
            eval="[(6,0,[ref('payment_mode_type_cnab240')])]"
        />
        <field name="bank_ids" eval="[(6,0,[ref('l10n_br_base.res_bank_748')])]" />
    </record>

    <record id="sicredi_240_instruction_09" model="l10n_br_cnab.mov.instruction.code">
        <field name="name">Protestar</field>
        <field name="code">09</field>
        <field
            name="payment_method_ids"
            eval="[(6,0,[ref('payment_mode_type_cnab240')])]"
        />
        <field name="bank_ids" eval="[(6,0,[ref('l10n_br_base.res_bank_748')])]" />
    </record>

    <record id="sicredi_240_instruction_10" model="l10n_br_cnab.mov.instruction.code">
        <field name="name">Sustar protesto e baixar título</field>
        <field name="code">10</field>
        <field
            name="payment_method_ids"
            eval="[(6,0,[ref('payment_mode_type_cnab240')])]"
        />
        <field name="bank_ids" eval="[(6,0,[ref('l10n_br_base.res_bank_748')])]" />
    </record>

    <record id="sicredi_240_instruction_11" model="l10n_br_cnab.mov.instruction.code">
        <field name="name">Sustar protesto e manter em carteira</field>
        <field name="code">11</field>
        <field
            name="payment_method_ids"
            eval="[(6,0,[ref('payment_mode_type_cnab240')])]"
        />
        <field name="bank_ids" eval="[(6,0,[ref('l10n_br_base.res_bank_748')])]" />
    </record>

    <record id="sicredi_240_instruction_12" model="l10n_br_cnab.mov.instruction.code">
        <field name="name">Alteração de juros de mora</field>
        <field name="code">12</field>
        <field
            name="payment_method_ids"
            eval="[(6,0,[ref('payment_mode_type_cnab240')])]"
        />
        <field name="bank_ids" eval="[(6,0,[ref('l10n_br_base.res_bank_748')])]" />
    </record>

    <record id="sicredi_240_instruction_13" model="l10n_br_cnab.mov.instruction.code">
        <field name="name">Dispensar cobrança de juros de mora</field>
        <field name="code">13</field>
        <field
            name="payment_method_ids"
            eval="[(6,0,[ref('payment_mode_type_cnab240')])]"
        />
        <field name="bank_ids" eval="[(6,0,[ref('l10n_br_base.res_bank_748')])]" />
    </record>

    <record id="sicredi_240_instruction_16" model="l10n_br_cnab.mov.instruction.code">
        <field name="name">Alteração do valor de desconto</field>
        <field name="code">16</field>
        <field
            name="payment_method_ids"
            eval="[(6,0,[ref('payment_mode_type_cnab240')])]"
        />
        <field name="bank_ids" eval="[(6,0,[ref('l10n_br_base.res_bank_748')])]" />
    </record>

    <record id="sicredi_240_instruction_17" model="l10n_br_cnab.mov.instruction.code">
        <field name="name">Não conceder desconto</field>
        <field name="code">17</field>
        <field
            name="payment_method_ids"
            eval="[(6,0,[ref('payment_mode_type_cnab240')])]"
        />
        <field name="bank_ids" eval="[(6,0,[ref('l10n_br_base.res_bank_748')])]" />
    </record>

    <record id="sicredi_240_instruction_31" model="l10n_br_cnab.mov.instruction.code">
        <field name="name">Alteração de outros dados</field>
        <field name="code">31</field>
        <field
            name="payment_method_ids"
            eval="[(6,0,[ref('payment_mode_type_cnab240')])]"
        />
        <field name="bank_ids" eval="[(6,0,[ref('l10n_br_base.res_bank_748')])]" />
    </record>

    <record id="sicredi_240_instruction_45" model="l10n_br_cnab.mov.instruction.code">
        <field name="name">Negativação sem protesto</field>
        <field name="code">45</field>
        <field
            name="payment_method_ids"
            eval="[(6,0,[ref('payment_mode_type_cnab240')])]"
        />
        <field name="bank_ids" eval="[(6,0,[ref('l10n_br_base.res_bank_748')])]" />
    </record>

    <record id="sicredi_240_instruction_75" model="l10n_br_cnab.mov.instruction.code">
        <field name="name">Excluir negativação e manter em carteira</field>
        <field name="code">75</field>
        <field
            name="payment_method_ids"
            eval="[(6,0,[ref('payment_mode_type_cnab240')])]"
        />
        <field name="bank_ids" eval="[(6,0,[ref('l10n_br_base.res_bank_748')])]" />
    </record>

    <record id="sicredi_240_instruction_76" model="l10n_br_cnab.mov.instruction.code">
        <field name="name">Excluir negativação e baixar</field>
        <field name="code">76</field>
        <field
            name="payment_method_ids"
            eval="[(6,0,[ref('payment_mode_type_cnab240')])]"
        />
        <field name="bank_ids" eval="[(6,0,[ref('l10n_br_base.res_bank_748')])]" />
    </record>

    <!-- Codigo de Retorno do Movimento -->
    <record id="sicredi_240_return_02" model="l10n_br_cnab.return.move.code">
        <field name="name">Entrada confirmada</field>
        <field name="code">02</field>
        <field name="bank_ids" eval="[(6,0,[ref('l10n_br_base.res_bank_748')])]" />
        <field
            name="payment_method_ids"
            eval="[(6,0,[ref('payment_mode_type_cnab240')])]"
        />
    </record>

    <record id="sicredi_240_return_03" model="l10n_br_cnab.return.move.code">
        <field name="name">Entrada rejeitada</field>
        <field name="code">03</field>
        <field name="bank_ids" eval="[(6,0,[ref('l10n_br_base.res_bank_748')])]" />
        <field
            name="payment_method_ids"
            eval="[(6,0,[ref('payment_mode_type_cnab240')])]"
        />
    </record>

    <record id="sicredi_240_return_06" model="l10n_br_cnab.return.move.code">
        <field name="name">Liquidação</field>
        <field name="code">06</field>
        <field name="bank_ids" eval="[(6,0,[ref('l10n_br_base.res_bank_748')])]" />
        <field
            name="payment_method_ids"
            eval="[(6,0,[ref('payment_mode_type_cnab240')])]"
        />
    </record>

    <record id="sicredi_240_return_07" model="l10n_br_cnab.return.move.code">
        <field name="name">Confirmação do recebimento da instrução de desconto</field>
        <field name="code">07</field>
        <field name="bank_ids" eval="[(6,0,[ref('l10n_br_base.res_bank_748')])]" />
        <field
            name="payment_method_ids"
            eval="[(6,0,[ref('payment_mode_type_cnab240')])]"
        />
    </record>

    <record id="sicredi_240_return_08" model="l10n_br_cnab.return.move.code">
        <field
            name="name"
        >Confirmação do recebimento do cancelamento do desconto</field>
        <field name="code">08</field>
        <field name="bank_ids" eval="[(6,0,[ref('l10n_br_base.res_bank_748')])]" />
        <field
            name="payment_method_ids"
            eval="[(6,0,[ref('payment_mode_type_cnab240')])]"
        />
    </record>

    <record id="sicredi_240_return_09" model="l10n_br_cnab.return.move.code">
        <field name="name">Baixa</field>
        <field name="code">09</field>
        <field name="bank_ids" eval="[(6,0,[ref('l10n_br_base.res_bank_748')])]" />
        <field
            name="payment_method_ids"
            eval="[(6,0,[ref('payment_mode_type_cnab240')])]"
        />
    </record>

    <record id="sicredi_240_return_12" model="l10n_br_cnab.return.move.code">
        <field name="name">Confirmação do recebimento instrução de abatimento</field>
        <field name="code">12</field>
        <field name="bank_ids" eval="[(6,0,[ref('l10n_br_base.res_bank_748')])]" />
        <field
            name="payment_method_ids"
            eval="[(6,0,[ref('payment_mode_type_cnab240')])]"
        />
    </record>

    <record id="sicredi_240_return_13" model="l10n_br_cnab.return.move.code">
        <field
            name="name"
        >Confirmação do recebimento instrução de cancelamento abatimento</field>
        <field name="code">13</field>
        <field name="bank_ids" eval="[(6,0,[ref('l10n_br_base.res_bank_748')])]" />
        <field
            name="payment_method_ids"
            eval="[(6,0,[ref('payment_mode_type_cnab240')])]"
        />
    </record>

    <record id="sicredi_240_return_14" model="l10n_br_cnab.return.move.code">
        <field
            name="name"
        >Confirmação do recebimento instrução alteração de vencimento</field>
        <field name="code">14</field>
        <field name="bank_ids" eval="[(6,0,[ref('l10n_br_base.res_bank_748')])]" />
        <field
            name="payment_method_ids"
            eval="[(6,0,[ref('payment_mode_type_cnab240')])]"
        />
    </record>

    <record id="sicredi_240_return_17" model="l10n_br_cnab.return.move.code">
        <field
            name="name"
        >Liquidação após baixa ou liquidação título não registrado</field>
        <field name="code">17</field>
        <field name="bank_ids" eval="[(6,0,[ref('l10n_br_base.res_bank_748')])]" />
        <field
            name="payment_method_ids"
            eval="[(6,0,[ref('payment_mode_type_cnab240')])]"
        />
    </record>

    <record id="sicredi_240_return_19" model="l10n_br_cnab.return.move.code">
        <field name="name">Confirmação do recebimento instrução de protesto</field>
        <field name="code">19</field>
        <field name="bank_ids" eval="[(6,0,[ref('l10n_br_base.res_bank_748')])]" />
        <field
            name="payment_method_ids"
            eval="[(6,0,[ref('payment_mode_type_cnab240')])]"
        />
    </record>

    <record id="sicredi_240_return_20" model="l10n_br_cnab.return.move.code">
        <field
            name="name"
        >Confirmação do recebimento instrução de sustação/cancelamento de protesto</field>
        <field name="code">20</field>
        <field name="bank_ids" eval="[(6,0,[ref('l10n_br_base.res_bank_748')])]" />
        <field
            name="payment_method_ids"
            eval="[(6,0,[ref('payment_mode_type_cnab240')])]"
        />
    </record>

    <record id="sicredi_240_return_23" model="l10n_br_cnab.return.move.code">
        <field name="name">Remessa a cartório (aponte em cartório)</field>
        <field name="code">23</field>
        <field name="bank_ids" eval="[(6,0,[ref('l10n_br_base.res_bank_748')])]" />
        <field
            name="payment_method_ids"
            eval="[(6,0,[ref('payment_mode_type_cnab240')])]"
        />
    </record>

    <record id="sicredi_240_return_24" model="l10n_br_cnab.return.move.code">
        <field name="name">Retirada de cartório e manutenção em carteira</field>
        <field name="code">24</field>
        <field name="bank_ids" eval="[(6,0,[ref('l10n_br_base.res_bank_748')])]" />
        <field
            name="payment_method_ids"
            eval="[(6,0,[ref('payment_mode_type_cnab240')])]"
        />
    </record>

    <record id="sicredi_240_return_25" model="l10n_br_cnab.return.move.code">
        <field name="name">Protestado e baixado (baixa por ter sido protestado)</field>
        <field name="code">25</field>
        <field name="bank_ids" eval="[(6,0,[ref('l10n_br_base.res_bank_748')])]" />
        <field
            name="payment_method_ids"
            eval="[(6,0,[ref('payment_mode_type_cnab240')])]"
        />
    </record>

    <record id="sicredi_240_return_26" model="l10n_br_cnab.return.move.code">
        <field name="name">Instrução rejeitada</field>
        <field name="code">26</field>
        <field name="bank_ids" eval="[(6,0,[ref('l10n_br_base.res_bank_748')])]" />
        <field
            name="payment_method_ids"
            eval="[(6,0,[ref('payment_mode_type_cnab240')])]"
        />
    </record>

    <record id="sicredi_240_return_27" model="l10n_br_cnab.return.move.code">
        <field name="name">Confirmação do pedido de alteração de outros dados</field>
        <field name="code">27</field>
        <field name="bank_ids" eval="[(6,0,[ref('l10n_br_base.res_bank_748')])]" />
        <field
            name="payment_method_ids"
            eval="[(6,0,[ref('payment_mode_type_cnab240')])]"
        />
    </record>

    <record id="sicredi_240_return_28" model="l10n_br_cnab.return.move.code">
        <field name="name">Débito de tarifas custas</field>
        <field name="code">28</field>
        <field name="bank_ids" eval="[(6,0,[ref('l10n_br_base.res_bank_748')])]" />
        <field
            name="payment_method_ids"
            eval="[(6,0,[ref('payment_mode_type_cnab240')])]"
        />
    </record>

    <record id="sicredi_240_return_30" model="l10n_br_cnab.return.move.code">
        <field name="name">Alteração de dados rejeitada</field>
        <field name="code">30</field>
        <field name="bank_ids" eval="[(6,0,[ref('l10n_br_base.res_bank_748')])]" />
        <field
            name="payment_method_ids"
            eval="[(6,0,[ref('payment_mode_type_cnab240')])]"
        />
    </record>

    <record id="sicredi_240_return_36" model="l10n_br_cnab.return.move.code">
        <field name="name">Baixa rejeitada</field>
        <field name="code">36</field>
        <field name="bank_ids" eval="[(6,0,[ref('l10n_br_base.res_bank_748')])]" />
        <field
            name="payment_method_ids"
            eval="[(6,0,[ref('payment_mode_type_cnab240')])]"
        />
    </record>

    <record id="sicredi_240_return_51" model="l10n_br_cnab.return.move.code">
        <field name="name">Título DDA reconhecido pelo pagador</field>
        <field name="code">51</field>
        <field name="bank_ids" eval="[(6,0,[ref('l10n_br_base.res_bank_748')])]" />
        <field
            name="payment_method_ids"
            eval="[(6,0,[ref('payment_mode_type_cnab240')])]"
        />
    </record>

    <record id="sicredi_240_return_52" model="l10n_br_cnab.return.move.code">
        <field name="name">Título DDA não reconhecido pelo pagador</field>
        <field name="code">52</field>
        <field name="bank_ids" eval="[(6,0,[ref('l10n_br_base.res_bank_748')])]" />
        <field
            name="payment_method_ids"
            eval="[(6,0,[ref('payment_mode_type_cnab240')])]"
        />
    </record>

    <record id="sicredi_240_return_78" model="l10n_br_cnab.return.move.code">
        <field name="name">Confirmação de recebimento de pedido de negativação</field>
        <field name="code">78</field>
        <field name="bank_ids" eval="[(6,0,[ref('l10n_br_base.res_bank_748')])]" />
        <field
            name="payment_method_ids"
            eval="[(6,0,[ref('payment_mode_type_cnab240')])]"
        />
    </record>

    <record id="sicredi_240_return_79" model="l10n_br_cnab.return.move.code">
        <field
            name="name"
        >Confirmação de recebimento de pedido de exclusão de negativação</field>
        <field name="code">79</field>
        <field name="bank_ids" eval="[(6,0,[ref('l10n_br_base.res_bank_748')])]" />
        <field
            name="payment_method_ids"
            eval="[(6,0,[ref('payment_mode_type_cnab240')])]"
        />
    </record>

    <record id="sicredi_240_return_80" model="l10n_br_cnab.return.move.code">
        <field name="name">Confirmação de entrada de negativação</field>
        <field name="code">80</field>
        <field name="bank_ids" eval="[(6,0,[ref('l10n_br_base.res_bank_748')])]" />
        <field
            name="payment_method_ids"
            eval="[(6,0,[ref('payment_mode_type_cnab240')])]"
        />
    </record>

    <record id="sicredi_240_return_81" model="l10n_br_cnab.return.move.code">
        <field name="name">Entrada de negativação rejeitada</field>
        <field name="code">81</field>
        <field name="bank_ids" eval="[(6,0,[ref('l10n_br_base.res_bank_748')])]" />
        <field
            name="payment_method_ids"
            eval="[(6,0,[ref('payment_mode_type_cnab240')])]"
        />
    </record>

    <record id="sicredi_240_return_82" model="l10n_br_cnab.return.move.code">
        <field name="name">Confirmação de exclusão de negativação</field>
        <field name="code">82</field>
        <field name="bank_ids" eval="[(6,0,[ref('l10n_br_base.res_bank_748')])]" />
        <field
            name="payment_method_ids"
            eval="[(6,0,[ref('payment_mode_type_cnab240')])]"
        />
    </record>

    <record id="sicredi_240_return_83" model="l10n_br_cnab.return.move.code">
        <field name="name">Exclusão de Negativação rejeitada</field>
        <field name="code">83</field>
        <field name="bank_ids" eval="[(6,0,[ref('l10n_br_base.res_bank_748')])]" />
        <field
            name="payment_method_ids"
            eval="[(6,0,[ref('payment_mode_type_cnab240')])]"
        />
    </record>

    <record id="sicredi_240_return_84" model="l10n_br_cnab.return.move.code">
        <field name="name">Exclusão de negativação por outros motivos</field>
        <field name="code">84</field>
        <field name="bank_ids" eval="[(6,0,[ref('l10n_br_base.res_bank_748')])]" />
        <field
            name="payment_method_ids"
            eval="[(6,0,[ref('payment_mode_type_cnab240')])]"
        />
    </record>

    <record id="sicredi_240_return_85" model="l10n_br_cnab.return.move.code">
        <field name="name">Ocorrência informacional por outros motivos</field>
        <field name="code">85</field>
        <field name="bank_ids" eval="[(6,0,[ref('l10n_br_base.res_bank_748')])]" />
        <field
            name="payment_method_ids"
            eval="[(6,0,[ref('payment_mode_type_cnab240')])]"
        />
    </record>

    <record id="sicredi_240_return_91" model="l10n_br_cnab.return.move.code">
        <field name="name">Intenção de pagamentos</field>
        <field name="code">91</field>
        <field name="bank_ids" eval="[(6,0,[ref('l10n_br_base.res_bank_748')])]" />
        <field
            name="payment_method_ids"
            eval="[(6,0,[ref('payment_mode_type_cnab240')])]"
        />
    </record>

</odoo>
