<?xml version="1.0" encoding="utf-8" ?>
<odoo noupdate="True">

    <!-- Diarios -->
    <!-- Account Journal for Main Company -->
    <record id="main_company_bank_journal" model="account.journal">
        <field name="name">Diário de Banco - Empresa Principal</field>
        <field name="code">TPO</field>
        <field name="type">sale</field>
        <field name="company_id" ref="base.main_company" />
    </record>

    <!-- Account Journal for Simples Nacional -->
    <record id="simples_nacional_bank_journal" model="account.journal">
        <field name="name">Diário de Banco - Simples Nacional</field>
        <field name="code">TPO</field>
        <field name="type">sale</field>
        <field name="company_id" ref="l10n_br_base.empresa_simples_nacional" />
    </record>

    <!-- Account Journal for Lucro Presumido -->
    <record id="lucro_presumido_bank_journal" model="account.journal">
        <field name="name">Diário de Banco - Lucro Presumido</field>
        <field name="code">TPO</field>
        <field name="type">sale</field>
        <field name="company_id" ref="l10n_br_base.empresa_lucro_presumido" />
    </record>

    <!-- Diario Bradesco -->
    <record id="bradesco_journal" model="account.journal">
        <field name="name">Banco Bradesco</field>
        <field name="type">bank</field>
        <field name="code">BNC2</field>
        <field
            name="inbound_payment_method_ids"
            eval="[(6,0,[ref('payment_mode_type_cnab240'), ref('payment_mode_type_cnab400')])]"
        />
        <field name="bank_account_id" ref="main_company_bank_bradesco" />
    </record>

    <!-- Diario Unicred -->
    <record id="unicred_journal" model="account.journal">
        <field name="name">Banco Unicred</field>
        <field name="type">bank</field>
        <field name="code">BNC3</field>
        <field
            name="inbound_payment_method_ids"
            eval="[(6,0,[ref('payment_mode_type_cnab240'), ref('payment_mode_type_cnab400')])]"
        />
        <field name="bank_account_id" ref="main_company_bank_unicredi" />
    </record>

    <!-- Diario Itau -->
    <record id="itau_journal" model="account.journal">
        <field name="name">Banco Itau</field>
        <field name="type">bank</field>
        <field name="code">BNC4</field>
        <field
            name="inbound_payment_method_ids"
            eval="[(6,0,[ref('payment_mode_type_cnab240'), ref('payment_mode_type_cnab400')])]"
        />
        <field name="bank_account_id" ref="main_company_bank_itau" />
    </record>

    <!-- Diario Banco do Brasil -->
    <record id="bb_journal" model="account.journal">
        <field name="name">Banco do Brasil</field>
        <field name="type">bank</field>
        <field name="code">BNC5</field>
        <field
            name="inbound_payment_method_ids"
            eval="[(6,0,[ref('payment_mode_type_cnab240'), ref('payment_mode_type_cnab400')])]"
        />
        <field name="bank_account_id" ref="main_company_bank_bb" />
    </record>

    <!-- Diario Banco Caixa Economica Federal -->
    <record id="cef_journal" model="account.journal">
        <field name="name">Banco Caixa Economica Federal</field>
        <field name="type">bank</field>
        <field name="code">BNC6</field>
        <field
            name="inbound_payment_method_ids"
            eval="[(6,0,[ref('payment_mode_type_cnab240'), ref('payment_mode_type_cnab400')])]"
        />
        <field name="bank_account_id" ref="main_company_bank_cef" />
    </record>

    <!-- Diario Banco SICRED -->
    <record id="sicredi_journal" model="account.journal">
        <field name="name">Banco SICREDI</field>
        <field name="type">bank</field>
        <field name="code">BNC7</field>
        <field
            name="inbound_payment_method_ids"
            eval="[(6,0,[ref('payment_mode_type_cnab240')])]"
        />
        <field name="bank_account_id" ref="main_company_bank_sicredi" />
    </record>

    <!-- Diario Banco AILOS -->
    <record id="ailos_journal" model="account.journal">
        <field name="name">Banco AILOS</field>
        <field name="type">bank</field>
        <field name="code">BNC8</field>
        <field
            name="inbound_payment_method_ids"
            eval="[(6,0,[ref('payment_mode_type_cnab240')])]"
        />
        <field name="bank_account_id" ref="main_company_bank_ailos" />
    </record>

    <!-- Diario Banco Teste -->
    <record id="test_bank_journal" model="account.journal">
        <field name="name">Banco Teste Manual</field>
        <field name="type">bank</field>
        <field name="code">BNCM</field>
        <field
            name="inbound_payment_method_ids"
            eval="[(6,0,[ref('payment_mode_type_manual_test')])]"
        />
        <field name="bank_account_id" ref="main_company_bank_test" />
    </record>

    <!-- Diario Banco Teste -->
    <record id="l10n_br_account_payment_order-account_journal" model="account.journal">
        <field name="name">Diário de Banco(teste l10n_br_account_payment_order)</field>
        <field name="code">TPO</field>
        <field name="type">sale</field>
        <field name="company_id" ref="base.main_company" />
    </record>

    <!-- Diario Cheque - teste quando o Modo de Pagto não gera Ordem de Pagto -->
    <record id="cheque_journal" model="account.journal">
        <field name="name">Diário Cheque</field>
        <field name="code">DCQ</field>
        <field name="type">sale</field>
        <field name="company_id" ref="base.main_company" />
    </record>

</odoo>
