<?xml version="1.0" encoding="utf-8" ?>
<odoo noupdate="True">

    <record id="base.ad" model="res.country">
        <field name="bc_code">0370</field>
        <field name="siscomex_code">037</field>
    </record>

    <record id="base.ae" model="res.country">
        <field name="bc_code">2445</field>
        <field name="siscomex_code">244</field>
    </record>

    <record id="base.af" model="res.country">
        <field name="bc_code">0132</field>
        <field name="siscomex_code">013</field>
    </record>

    <record id="base.ag" model="res.country">
        <field name="bc_code">0434</field>
        <field name="siscomex_code">043</field>
    </record>

    <record id="base.ai" model="res.country">
        <field name="bc_code">0418</field>
        <field name="siscomex_code">041</field>
    </record>

    <record id="base.al" model="res.country">
        <field name="bc_code">0175</field>
        <field name="siscomex_code">017</field>
    </record>

    <record id="base.am" model="res.country">
        <field name="bc_code">0647</field>
        <field name="siscomex_code">064</field>
    </record>
<!--
    <record id="base.an" model="res.country">
        <field name="bc_code">0477</field>
        <field name="siscomex_code">047</field>
    </record>
-->
    <record id="base.ao" model="res.country">
        <field name="bc_code">0400</field>
        <field name="siscomex_code">040</field>
    </record>

    <record id="base.aq" model="res.country">
        <field name="bc_code" />
        <field name="siscomex_code" />
    </record>

    <record id="base.ar" model="res.country">
        <field name="bc_code">0639</field>
        <field name="siscomex_code">063</field>
    </record>

    <record id="base.as" model="res.country">
        <field name="bc_code">6912</field>
        <field name="siscomex_code">691</field>
    </record>

    <record id="base.at" model="res.country">
        <field name="bc_code">0728</field>
        <field name="siscomex_code">072</field>
    </record>

    <record id="base.au" model="res.country">
        <field name="bc_code">0698</field>
        <field name="siscomex_code">069</field>
    </record>

    <record id="base.aw" model="res.country">
        <field name="bc_code">0655</field>
        <field name="siscomex_code">065</field>
    </record>

    <record id="base.az" model="res.country">
        <field name="bc_code">0736</field>
        <field name="siscomex_code">073</field>
    </record>

    <record id="base.ba" model="res.country">
        <field name="bc_code">0981</field>
        <field name="siscomex_code">098</field>
    </record>

    <record id="base.bb" model="res.country">
        <field name="bc_code">0833</field>
        <field name="siscomex_code">083</field>
    </record>

    <record id="base.bd" model="res.country">
        <field name="bc_code">0817</field>
        <field name="siscomex_code">081</field>
    </record>

    <record id="base.be" model="res.country">
        <field name="bc_code">0876</field>
        <field name="siscomex_code">087</field>
    </record>

    <record id="base.bf" model="res.country">
        <field name="bc_code">0310</field>
        <field name="siscomex_code">031</field>
    </record>

    <record id="base.bg" model="res.country">
        <field name="bc_code">1112</field>
        <field name="siscomex_code">111</field>
    </record>

    <record id="base.bh" model="res.country">
        <field name="bc_code">0809</field>
        <field name="siscomex_code">080</field>
    </record>

    <record id="base.bi" model="res.country">
        <field name="bc_code">1155</field>
        <field name="siscomex_code">115</field>
    </record>

    <record id="base.bj" model="res.country">
        <field name="bc_code">2291</field>
        <field name="siscomex_code">229</field>
    </record>

    <record id="base.bm" model="res.country">
        <field name="bc_code">0906</field>
        <field name="siscomex_code">090</field>
    </record>

    <record id="base.bn" model="res.country">
        <field name="bc_code">1082</field>
        <field name="siscomex_code">108</field>
    </record>

    <record id="base.bo" model="res.country">
        <field name="bc_code">0973</field>
        <field name="siscomex_code">097</field>
    </record>

    <record id="base.br" model="res.country">
        <field name="bc_code">1058</field>
        <field name="siscomex_code">105</field>
        <field name="enforce_cities">1</field>
        <field name="street_format" eval="'%(street_name)s, %(street_number)s'" />
        <field name="name_position">before</field>
        <field
            name="address_format"
            eval="'%(street)s %(street2)s\n%(district)s\n%(zip)s - %(city)s-%(state_code)s\n%(country_name)s'"
        />
        <field name="address_view_id" ref="l10n_br_base_res_partner_address" />
        <field name="vat_label">CNPJ/CPF</field>
    </record>

    <record id="base.bs" model="res.country">
        <field name="bc_code">0779</field>
        <field name="siscomex_code">077</field>
    </record>

    <record id="base.bt" model="res.country">
        <field name="bc_code">1198</field>
        <field name="siscomex_code">119</field>
    </record>

    <record id="base.bv" model="res.country">
        <field name="bc_code" />
        <field name="siscomex_code" />
    </record>

    <record id="base.bw" model="res.country">
        <field name="bc_code">1015</field>
        <field name="siscomex_code">101</field>
    </record>

    <record id="base.by" model="res.country">
        <field name="bc_code">0850</field>
        <field name="siscomex_code">085</field>
    </record>

    <record id="base.bz" model="res.country">
        <field name="bc_code">0884</field>
        <field name="siscomex_code">088</field>
    </record>

    <record id="base.ca" model="res.country">
        <field name="bc_code">1490</field>
        <field name="siscomex_code">149</field>
    </record>

    <record id="base.cc" model="res.country">
        <field name="bc_code">1651</field>
        <field name="siscomex_code">165</field>
    </record>

    <record id="base.cf" model="res.country">
        <field name="bc_code">6408</field>
        <field name="siscomex_code">640</field>
    </record>

    <record id="base.cd" model="res.country">
        <field name="bc_code" />
        <field name="siscomex_code" />
    </record>

    <record id="base.cg" model="res.country">
        <field name="bc_code">1775</field>
        <field name="siscomex_code">177</field>
    </record>

    <record id="base.ch" model="res.country">
        <field name="bc_code">7676</field>
        <field name="siscomex_code">767</field>
    </record>

    <record id="base.ci" model="res.country">
        <field name="bc_code">1937</field>
        <field name="siscomex_code">193</field>
    </record>

    <record id="base.ck" model="res.country">
        <field name="bc_code">1830</field>
        <field name="siscomex_code">183</field>
    </record>

    <record id="base.cl" model="res.country">
        <field name="bc_code">1589</field>
        <field name="siscomex_code">158</field>
    </record>

    <record id="base.cm" model="res.country">
        <field name="bc_code">1457</field>
        <field name="siscomex_code">145</field>
    </record>

    <record id="base.cn" model="res.country">
        <field name="bc_code">1600</field>
        <field name="siscomex_code">160</field>
    </record>

    <record id="base.co" model="res.country">
        <field name="bc_code">1694</field>
        <field name="siscomex_code">169</field>
    </record>

    <record id="base.cr" model="res.country">
        <field name="bc_code">1961</field>
        <field name="siscomex_code">196</field>
    </record>

    <record id="base.rs" model="res.country">
        <field name="bc_code">7370</field>
        <field name="siscomex_code">737</field>
    </record>

    <record id="base.me" model="res.country">
        <field name="bc_code">4985</field>
        <field name="siscomex_code">498</field>
    </record>

    <record id="base.cu" model="res.country">
        <field name="bc_code">1996</field>
        <field name="siscomex_code">199</field>
    </record>

    <record id="base.cv" model="res.country">
        <field name="bc_code">1279</field>
        <field name="siscomex_code">127</field>
    </record>

    <record id="base.cx" model="res.country">
        <field name="bc_code">5118</field>
        <field name="siscomex_code">511</field>
    </record>

    <record id="base.cy" model="res.country">
        <field name="bc_code">1635</field>
        <field name="siscomex_code">163</field>
    </record>

    <record id="base.cz" model="res.country">
        <field name="bc_code">7919</field>
        <field name="siscomex_code">791</field>
    </record>

    <record id="base.cw" model="res.country">
        <field name="bc_code">0200</field>
        <field name="siscomex_code">020</field>
    </record>

    <record id="base.de" model="res.country">
        <field name="bc_code">0230</field>
        <field name="siscomex_code">023</field>
    </record>

    <record id="base.dj" model="res.country">
        <field name="bc_code">7838</field>
        <field name="siscomex_code">783</field>
    </record>

    <record id="base.dk" model="res.country">
        <field name="bc_code">2321</field>
        <field name="siscomex_code">232</field>
    </record>

    <record id="base.dm" model="res.country">
        <field name="bc_code">2356</field>
        <field name="siscomex_code">235</field>
    </record>

    <record id="base.do" model="res.country">
        <field name="bc_code">6475</field>
        <field name="siscomex_code">647</field>
    </record>

    <record id="base.dz" model="res.country">
        <field name="bc_code">0590</field>
        <field name="siscomex_code">059</field>
    </record>

    <record id="base.ec" model="res.country">
        <field name="bc_code">2399</field>
        <field name="siscomex_code">239</field>
    </record>

    <record id="base.ee" model="res.country">
        <field name="bc_code">2518</field>
        <field name="siscomex_code">251</field>
    </record>

    <record id="base.eg" model="res.country">
        <field name="bc_code">2402</field>
        <field name="siscomex_code">240</field>
    </record>

    <record id="base.eh" model="res.country">
        <field name="bc_code">6858</field>
        <field name="siscomex_code">685</field>
    </record>

    <record id="base.er" model="res.country">
        <field name="bc_code">2437</field>
        <field name="siscomex_code">243</field>
    </record>

    <record id="base.es" model="res.country">
        <field name="bc_code">2453</field>
        <field name="siscomex_code">245</field>
    </record>

    <record id="base.et" model="res.country">
        <field name="bc_code">2534</field>
        <field name="siscomex_code">253</field>
    </record>

    <record id="base.fi" model="res.country">
        <field name="bc_code">2712</field>
        <field name="siscomex_code">271</field>
    </record>

    <record id="base.fj" model="res.country">
        <field name="bc_code">8702</field>
        <field name="siscomex_code">870</field>
    </record>

    <record id="base.fk" model="res.country">
        <field name="bc_code">2550</field>
        <field name="siscomex_code">255</field>
    </record>

    <record id="base.fm" model="res.country">
        <field name="bc_code">4995</field>
        <field name="siscomex_code">499</field>
    </record>

    <record id="base.fo" model="res.country">
        <field name="bc_code">2593</field>
        <field name="siscomex_code">259</field>
    </record>

    <record id="base.fr" model="res.country">
        <field name="bc_code">2755</field>
        <field name="siscomex_code">275</field>
    </record>

    <record id="base.ga" model="res.country">
        <field name="bc_code">2810</field>
        <field name="siscomex_code">281</field>
    </record>

    <record id="base.gd" model="res.country">
        <field name="bc_code">2976</field>
        <field name="siscomex_code">297</field>
    </record>

    <record id="base.ge" model="res.country">
        <field name="bc_code">2917</field>
        <field name="siscomex_code">291</field>
    </record>

    <record id="base.gf" model="res.country">
        <field name="bc_code">3255</field>
        <field name="siscomex_code">325</field>
    </record>

    <record id="base.gh" model="res.country">
        <field name="bc_code">2895</field>
        <field name="siscomex_code">289</field>
    </record>

    <record id="base.gi" model="res.country">
        <field name="bc_code">2933</field>
        <field name="siscomex_code">293</field>
    </record>

    <record id="base.gl" model="res.country">
        <field name="bc_code">3050</field>
        <field name="siscomex_code">305</field>
    </record>

    <record id="base.gm" model="res.country">
        <field name="bc_code">2852</field>
        <field name="siscomex_code">285</field>
    </record>

    <record id="base.gn" model="res.country">
        <field name="bc_code">3298</field>
        <field name="siscomex_code">329</field>
    </record>

    <record id="base.gp" model="res.country">
        <field name="bc_code">3093</field>
        <field name="siscomex_code">309</field>
    </record>

    <record id="base.gq" model="res.country">
        <field name="bc_code">3310</field>
        <field name="siscomex_code">331</field>
    </record>

    <record id="base.gr" model="res.country">
        <field name="bc_code">3018</field>
        <field name="siscomex_code">301</field>
    </record>

    <record id="base.gs" model="res.country">
        <field name="bc_code" />
        <field name="siscomex_code" />
    </record>

    <record id="base.gt" model="res.country">
        <field name="bc_code">3174</field>
        <field name="siscomex_code">317</field>
    </record>

    <record id="base.gu" model="res.country">
        <field name="bc_code">3131</field>
        <field name="siscomex_code">313</field>
    </record>

    <record id="base.gw" model="res.country">
        <field name="bc_code">3344</field>
        <field name="siscomex_code">334</field>
    </record>

    <record id="base.gy" model="res.country">
        <field name="bc_code">3379</field>
        <field name="siscomex_code">337</field>
    </record>

    <record id="base.hk" model="res.country">
        <field name="bc_code">3514</field>
        <field name="siscomex_code">351</field>
    </record>

    <record id="base.hm" model="res.country">
        <field name="bc_code" />
        <field name="siscomex_code" />
    </record>

    <record id="base.hn" model="res.country">
        <field name="bc_code">3450</field>
        <field name="siscomex_code">345</field>
    </record>

    <record id="base.hr" model="res.country">
        <field name="bc_code">1953</field>
        <field name="siscomex_code">195</field>
    </record>

    <record id="base.ht" model="res.country">
        <field name="bc_code">3417</field>
        <field name="siscomex_code">341</field>
    </record>

    <record id="base.hu" model="res.country">
        <field name="bc_code">3557</field>
        <field name="siscomex_code">355</field>
    </record>

    <record id="base.id" model="res.country">
        <field name="bc_code">3654</field>
        <field name="siscomex_code">365</field>
    </record>

    <record id="base.ie" model="res.country">
        <field name="bc_code">3751</field>
        <field name="siscomex_code">375</field>
    </record>

    <record id="base.il" model="res.country">
        <field name="bc_code">3832</field>
        <field name="siscomex_code">383</field>
    </record>

    <record id="base.in" model="res.country">
        <field name="bc_code">3611</field>
        <field name="siscomex_code">361</field>
    </record>

    <record id="base.io" model="res.country">
        <field name="bc_code">7820</field>
        <field name="siscomex_code">782</field>
    </record>

    <record id="base.iq" model="res.country">
        <field name="bc_code">3697</field>
        <field name="siscomex_code">369</field>
    </record>

    <record id="base.ir" model="res.country">
        <field name="bc_code">3727</field>
        <field name="siscomex_code">372</field>
    </record>

    <record id="base.is" model="res.country">
        <field name="bc_code">3794</field>
        <field name="siscomex_code">379</field>
    </record>

    <record id="base.it" model="res.country">
        <field name="bc_code">3867</field>
        <field name="siscomex_code">386</field>
    </record>

    <record id="base.jm" model="res.country">
        <field name="bc_code">3913</field>
        <field name="siscomex_code">391</field>
    </record>

    <record id="base.jo" model="res.country">
        <field name="bc_code">4030</field>
        <field name="siscomex_code">403</field>
    </record>

    <record id="base.jp" model="res.country">
        <field name="bc_code">3999</field>
        <field name="siscomex_code">399</field>
    </record>

    <record id="base.ke" model="res.country">
        <field name="bc_code">6238</field>
        <field name="siscomex_code">623</field>
    </record>

    <record id="base.kg" model="res.country">
        <field name="bc_code">6254</field>
        <field name="siscomex_code">625</field>
    </record>

    <record id="base.kh" model="res.country">
        <field name="bc_code">1414</field>
        <field name="siscomex_code">141</field>
    </record>

    <record id="base.ki" model="res.country">
        <field name="bc_code">4111</field>
        <field name="siscomex_code">411</field>
    </record>

    <record id="base.km" model="res.country">
        <field name="bc_code">1732</field>
        <field name="siscomex_code">173</field>
    </record>

    <record id="base.kn" model="res.country">
        <field name="bc_code" />
        <field name="siscomex_code" />
    </record>

    <record id="base.kp" model="res.country">
        <field name="bc_code">1872</field>
        <field name="siscomex_code">187</field>
    </record>

    <record id="base.kr" model="res.country">
        <field name="bc_code">1902</field>
        <field name="siscomex_code">190</field>
    </record>

    <record id="base.kw" model="res.country">
        <field name="bc_code" />
        <field name="siscomex_code" />
    </record>

    <record id="base.ky" model="res.country">
        <field name="bc_code">1376</field>
        <field name="siscomex_code">137</field>
    </record>

    <record id="base.kz" model="res.country">
        <field name="bc_code">1538</field>
        <field name="siscomex_code">153</field>
    </record>

    <record id="base.la" model="res.country">
        <field name="bc_code">4200</field>
        <field name="siscomex_code">420</field>
    </record>

    <record id="base.lb" model="res.country">
        <field name="bc_code">4316</field>
        <field name="siscomex_code">431</field>
    </record>

    <record id="base.lc" model="res.country">
        <field name="bc_code">7153</field>
        <field name="siscomex_code">715</field>
    </record>

    <record id="base.li" model="res.country">
        <field name="bc_code">4405</field>
        <field name="siscomex_code">440</field>
    </record>

    <record id="base.lk" model="res.country">
        <field name="bc_code">7501</field>
        <field name="siscomex_code">750</field>
    </record>

    <record id="base.lr" model="res.country">
        <field name="bc_code">4340</field>
        <field name="siscomex_code">434</field>
    </record>

    <record id="base.ls" model="res.country">
        <field name="bc_code">4260</field>
        <field name="siscomex_code">426</field>
    </record>

    <record id="base.lt" model="res.country">
        <field name="bc_code">4421</field>
        <field name="siscomex_code">442</field>
    </record>

    <record id="base.lu" model="res.country">
        <field name="bc_code">4456</field>
        <field name="siscomex_code">445</field>
    </record>

    <record id="base.lv" model="res.country">
        <field name="bc_code">4278</field>
        <field name="siscomex_code">427</field>
    </record>

    <record id="base.ly" model="res.country">
        <field name="bc_code">4383</field>
        <field name="siscomex_code">438</field>
    </record>

    <record id="base.ma" model="res.country">
        <field name="bc_code">4740</field>
        <field name="siscomex_code">474</field>
    </record>

    <record id="base.mc" model="res.country">
        <field name="bc_code">4952</field>
        <field name="siscomex_code">495</field>
    </record>

    <record id="base.md" model="res.country">
        <field name="bc_code">4944</field>
        <field name="siscomex_code">494</field>
    </record>

    <record id="base.mg" model="res.country">
        <field name="bc_code">4502</field>
        <field name="siscomex_code">450</field>
    </record>

    <record id="base.mh" model="res.country">
        <field name="bc_code">4766</field>
        <field name="siscomex_code">476</field>
    </record>

    <record id="base.mk" model="res.country">
        <field name="bc_code" />
        <field name="siscomex_code" />
    </record>

    <record id="base.ml" model="res.country">
        <field name="bc_code">4642</field>
        <field name="siscomex_code">464</field>
    </record>

    <record id="base.mm" model="res.country">
        <field name="bc_code">0930</field>
        <field name="siscomex_code">0930</field>
    </record>

    <record id="base.mn" model="res.country">
        <field name="bc_code">4979</field>
        <field name="siscomex_code">497</field>
    </record>

    <record id="base.mo" model="res.country">
        <field name="bc_code">4472</field>
        <field name="siscomex_code">447</field>
    </record>

    <record id="base.mp" model="res.country">
        <field name="bc_code">4723</field>
        <field name="siscomex_code">472</field>
    </record>

    <record id="base.mq" model="res.country">
        <field name="bc_code">4774</field>
        <field name="siscomex_code">477</field>
    </record>

    <record id="base.mr" model="res.country">
        <field name="bc_code">4880</field>
        <field name="siscomex_code">488</field>
    </record>

    <record id="base.ms" model="res.country">
        <field name="bc_code">5010</field>
        <field name="siscomex_code">501</field>
    </record>

    <record id="base.mt" model="res.country">
        <field name="bc_code">4677</field>
        <field name="siscomex_code">467</field>
    </record>

    <record id="base.mu" model="res.country">
        <field name="bc_code">4855</field>
        <field name="siscomex_code">485</field>
    </record>

    <record id="base.mv" model="res.country">
        <field name="bc_code">4618</field>
        <field name="siscomex_code">461</field>
    </record>

    <record id="base.mw" model="res.country">
        <field name="bc_code">4588</field>
        <field name="siscomex_code">458</field>
    </record>

    <record id="base.mx" model="res.country">
        <field name="bc_code">4936</field>
        <field name="siscomex_code">493</field>
    </record>

    <record id="base.my" model="res.country">
        <field name="bc_code">4553</field>
        <field name="siscomex_code">455</field>
    </record>

    <record id="base.mz" model="res.country">
        <field name="bc_code">5053</field>
        <field name="siscomex_code">505</field>
    </record>

    <record id="base.na" model="res.country">
        <field name="bc_code">5070</field>
        <field name="siscomex_code">507</field>
    </record>

    <record id="base.nc" model="res.country">
        <field name="bc_code">5428</field>
        <field name="siscomex_code">542</field>
    </record>

    <record id="base.ne" model="res.country">
        <field name="bc_code">5258</field>
        <field name="siscomex_code">525</field>
    </record>

    <record id="base.nf" model="res.country">
        <field name="bc_code">5355</field>
        <field name="siscomex_code">535</field>
    </record>

    <record id="base.ng" model="res.country">
        <field name="bc_code">5282</field>
        <field name="siscomex_code">528</field>
    </record>

    <record id="base.ni" model="res.country">
        <field name="bc_code">5215</field>
        <field name="siscomex_code">521</field>
    </record>

    <record id="base.nl" model="res.country">
        <field name="bc_code">5738</field>
        <field name="siscomex_code">573</field>
    </record>

    <record id="base.no" model="res.country">
        <field name="bc_code">5380</field>
        <field name="siscomex_code">538</field>
    </record>

    <record id="base.np" model="res.country">
        <field name="bc_code">5177</field>
        <field name="siscomex_code">517</field>
    </record>

    <record id="base.nr" model="res.country">
        <field name="bc_code">5088</field>
        <field name="siscomex_code">508</field>
    </record>
<!--
    <record id="base.nt" model="res.country">
        <field name="bc_code"></field>
        <field name="siscomex_code"></field>
    </record>
-->
    <record id="base.nu" model="res.country">
        <field name="bc_code">5312</field>
        <field name="siscomex_code">531</field>
    </record>

    <record id="base.nz" model="res.country">
        <field name="bc_code">5487</field>
        <field name="siscomex_code">548</field>
    </record>

    <record id="base.om" model="res.country">
        <field name="bc_code">5568</field>
        <field name="siscomex_code">556</field>
    </record>

    <record id="base.pa" model="res.country">
        <field name="bc_code">5800</field>
        <field name="siscomex_code">580</field>
    </record>

    <record id="base.pe" model="res.country">
        <field name="bc_code">5894</field>
        <field name="siscomex_code">589</field>
    </record>

    <record id="base.pf" model="res.country">
        <field name="bc_code">5991</field>
        <field name="siscomex_code">599</field>
    </record>

    <record id="base.pg" model="res.country">
        <field name="bc_code">5452</field>
        <field name="siscomex_code">545</field>
    </record>

    <record id="base.ph" model="res.country">
        <field name="bc_code">2674</field>
        <field name="siscomex_code">267</field>
    </record>

    <record id="base.pk" model="res.country">
        <field name="bc_code">5762</field>
        <field name="siscomex_code">576</field>
    </record>

    <record id="base.pl" model="res.country">
        <field name="bc_code">6033</field>
        <field name="siscomex_code">603</field>
    </record>

    <record id="base.pm" model="res.country">
        <field name="bc_code">7005</field>
        <field name="siscomex_code">700</field>
    </record>

    <record id="base.pn" model="res.country">
        <field name="bc_code">5932</field>
        <field name="siscomex_code">593</field>
    </record>

    <record id="base.pr" model="res.country">
        <field name="bc_code">6114</field>
        <field name="siscomex_code">611</field>
    </record>

    <record id="base.pt" model="res.country">
        <field name="bc_code">6076</field>
        <field name="siscomex_code">607</field>
    </record>

    <record id="base.pw" model="res.country">
        <field name="bc_code">5754</field>
        <field name="siscomex_code">575</field>
    </record>

    <record id="base.py" model="res.country">
        <field name="bc_code">5860</field>
        <field name="siscomex_code">586</field>
    </record>

    <record id="base.qa" model="res.country">
        <field name="bc_code">1546</field>
        <field name="siscomex_code">154</field>
    </record>

    <record id="base.re" model="res.country">
        <field name="bc_code">6602</field>
        <field name="siscomex_code">660</field>
    </record>

    <record id="base.ro" model="res.country">
        <field name="bc_code">6700</field>
        <field name="siscomex_code">670</field>
    </record>

    <record id="base.ru" model="res.country">
        <field name="bc_code">6769</field>
        <field name="siscomex_code">676</field>
    </record>

    <record id="base.rw" model="res.country">
        <field name="bc_code">6750</field>
        <field name="siscomex_code">675</field>
    </record>

    <record id="base.sa" model="res.country">
        <field name="bc_code">0531</field>
        <field name="siscomex_code">053</field>
    </record>

    <record id="base.sb" model="res.country">
        <field name="bc_code">6777</field>
        <field name="siscomex_code">677</field>
    </record>

    <record id="base.sc" model="res.country">
        <field name="bc_code">7315</field>
        <field name="siscomex_code">731</field>
    </record>

    <record id="base.sd" model="res.country">
        <field name="bc_code">7595</field>
        <field name="siscomex_code">759</field>
    </record>

    <record id="base.se" model="res.country">
        <field name="bc_code">7641</field>
        <field name="siscomex_code">764</field>
    </record>

    <record id="base.sg" model="res.country">
        <field name="bc_code">7412</field>
        <field name="siscomex_code">741</field>
    </record>

    <record id="base.sh" model="res.country">
        <field name="bc_code">7102</field>
        <field name="siscomex_code">710</field>
    </record>

    <record id="base.si" model="res.country">
        <field name="bc_code">2461</field>
        <field name="siscomex_code">246</field>
    </record>

    <record id="base.sj" model="res.country">
        <field name="bc_code" />
        <field name="siscomex_code" />
    </record>

    <record id="base.sk" model="res.country">
        <field name="bc_code">2470</field>
        <field name="siscomex_code">2470</field>
    </record>

    <record id="base.sl" model="res.country">
        <field name="bc_code">7358</field>
        <field name="siscomex_code">735</field>
    </record>

    <record id="base.sm" model="res.country">
        <field name="bc_code">6971</field>
        <field name="siscomex_code">697</field>
    </record>

    <record id="base.sn" model="res.country">
        <field name="bc_code">7285</field>
        <field name="siscomex_code">728</field>
    </record>

    <record id="base.so" model="res.country">
        <field name="bc_code">7480</field>
        <field name="siscomex_code">748</field>
    </record>

    <record id="base.sr" model="res.country">
        <field name="bc_code">7706</field>
        <field name="siscomex_code">770</field>
    </record>

    <record id="base.st" model="res.country">
        <field name="bc_code">7200</field>
        <field name="siscomex_code">720</field>
    </record>

    <record id="base.sv" model="res.country">
        <field name="bc_code">6874</field>
        <field name="siscomex_code">687</field>
    </record>

    <record id="base.sy" model="res.country">
        <field name="bc_code">7447</field>
        <field name="siscomex_code">744</field>
    </record>

    <record id="base.sz" model="res.country">
        <field name="bc_code">7544</field>
        <field name="siscomex_code">754</field>
    </record>

    <record id="base.tc" model="res.country">
        <field name="bc_code">8230</field>
        <field name="siscomex_code">823</field>
    </record>

    <record id="base.td" model="res.country">
        <field name="bc_code">7889</field>
        <field name="siscomex_code">788</field>
    </record>

    <record id="base.tf" model="res.country">
        <field name="bc_code" />
        <field name="siscomex_code" />
    </record>

    <record id="base.tg" model="res.country">
        <field name="bc_code">8001</field>
        <field name="siscomex_code">800</field>
    </record>

    <record id="base.th" model="res.country">
        <field name="bc_code">7765</field>
        <field name="siscomex_code">776</field>
    </record>

    <record id="base.tj" model="res.country">
        <field name="bc_code">7722</field>
        <field name="siscomex_code">772</field>
    </record>

    <record id="base.tk" model="res.country">
        <field name="bc_code">8052</field>
        <field name="siscomex_code">805</field>
    </record>

    <record id="base.tm" model="res.country">
        <field name="bc_code">8249</field>
        <field name="siscomex_code">824</field>
    </record>

    <record id="base.tn" model="res.country">
        <field name="bc_code">8206</field>
        <field name="siscomex_code">820</field>
    </record>

    <record id="base.to" model="res.country">
        <field name="bc_code">8109</field>
        <field name="siscomex_code">810</field>
    </record>
<!--
    <record id="base.tp" model="res.country">
        <field name="bc_code">7951</field>
        <field name="siscomex_code">795</field>
    </record>
-->
    <record id="base.tr" model="res.country">
        <field name="bc_code">8273</field>
        <field name="siscomex_code">827</field>
    </record>

    <record id="base.tt" model="res.country">
        <field name="bc_code">8150</field>
        <field name="siscomex_code">815</field>
    </record>

    <record id="base.tv" model="res.country">
        <field name="bc_code">8281</field>
        <field name="siscomex_code">828</field>
    </record>

    <record id="base.tw" model="res.country">
        <field name="bc_code">1619</field>
        <field name="siscomex_code">161</field>
    </record>

    <record id="base.tz" model="res.country">
        <field name="bc_code">7803</field>
        <field name="siscomex_code">780</field>
    </record>

    <record id="base.ua" model="res.country">
        <field name="bc_code">8311</field>
        <field name="siscomex_code">831</field>
    </record>

    <record id="base.ug" model="res.country">
        <field name="bc_code">8338</field>
        <field name="siscomex_code">833</field>
    </record>

    <record id="base.uk" model="res.country">
        <field name="bc_code">6289</field>
        <field name="siscomex_code">628</field>
    </record>

    <record id="base.um" model="res.country">
        <field name="bc_code">5665</field>
        <field name="siscomex_code">566</field>
    </record>

    <record id="base.us" model="res.country">
        <field name="bc_code">2496</field>
        <field name="siscomex_code">249</field>
    </record>

    <record id="base.uy" model="res.country">
        <field name="bc_code">8451</field>
        <field name="siscomex_code">845</field>
    </record>

    <record id="base.uz" model="res.country">
        <field name="bc_code">8478</field>
        <field name="siscomex_code">847</field>
    </record>

    <record id="base.va" model="res.country">
        <field name="bc_code">8486</field>
        <field name="siscomex_code">848</field>
    </record>

    <record id="base.vc" model="res.country">
        <field name="bc_code">7056</field>
        <field name="siscomex_code" />
    </record>

    <record id="base.ve" model="res.country">
        <field name="bc_code">8508</field>
        <field name="siscomex_code">850</field>
    </record>

    <record id="base.vg" model="res.country">
        <field name="bc_code">8630</field>
        <field name="siscomex_code">863</field>
    </record>

    <record id="base.vi" model="res.country">
        <field name="bc_code">8664</field>
        <field name="siscomex_code">866</field>
    </record>

    <record id="base.vn" model="res.country">
        <field name="bc_code">8583</field>
        <field name="siscomex_code">858</field>
    </record>

    <record id="base.vu" model="res.country">
        <field name="bc_code">5517</field>
        <field name="siscomex_code">551</field>
    </record>

    <record id="base.wf" model="res.country">
        <field name="bc_code" />
        <field name="siscomex_code" />
    </record>

    <record id="base.ws" model="res.country">
        <field name="bc_code">6904</field>
        <field name="siscomex_code">690</field>
    </record>

    <record id="base.ye" model="res.country">
        <field name="bc_code">3573</field>
        <field name="siscomex_code">357</field>
    </record>

    <record id="base.yt" model="res.country">
        <field name="bc_code">4885</field>
        <field name="siscomex_code">488</field>
    </record>
<!--
    <record id="base.yu" model="res.country">
        <field name="bc_code">4499</field>
        <field name="siscomex_code">449</field>
    </record>
-->
    <record id="base.za" model="res.country">
        <field name="bc_code">7560</field>
        <field name="siscomex_code">756</field>
    </record>

    <record id="base.zm" model="res.country">
        <field name="bc_code">8907</field>
        <field name="siscomex_code">890</field>
    </record>
<!--
    <record id="base.zr" model="res.country">
        <field name="bc_code">8885</field>
        <field name="siscomex_code">888</field>
    </record>
-->
    <record id="base.zw" model="res.country">
        <field name="bc_code">6653</field>
        <field name="siscomex_code">665</field>
    </record>

</odoo>
